R,C,PAS,AHM,DD5
1,0,,,
3,0,,,
3,1,,,
4,0,122.645164,15.506452,339.0645
4,1,,,
4,2,,,
5,0,128.03226,15.212903,336.7097
5,1,,,
5,2,,,
5,3,,,
5,6,128.32259,16.135485,348.32257000000004
5,7,,,
6,0,138.48387,14.480645,318.32257000000004
6,1,135.29033,15.235484,330.12903
6,2,124.19355,16.07742,340.7097
6,3,,,
6,4,,,
6,5,132.7742,15.822579999999999,348.2903
6,6,133.35484,16.251614,352.03226
6,7,131.35484,16.493547,352.80646
6,8,129.32259,16.887096,353.25806
6,9,,,
7,0,153.48387,13.0,308.74194
7,1,152.25807,13.048388000000001,313.25806
7,2,136.25807,14.945160999999999,334.3871
7,3,141.90323,14.151613000000001,332.1613
7,4,134.83871000000002,15.764516,347.2258
7,5,134.03226,16.161291000000002,351.35483
7,6,130.83871000000002,16.57742,353.5484
7,7,133.96774,16.570969,354.0645
7,8,134.16128999999998,16.774193,356.19354
7,9,152.80646000000002,14.741935999999999,358.2903
7,10,,,
8,0,151.74193,13.435483999999999,311.12903
8,1,146.45161000000002,14.064516000000001,322.03226
8,2,140.67741,14.612904,334.74194
8,3,137.25807,15.5,344.19354
8,4,136.48387,16.13871,352.3871
8,5,136.12903,16.319354999999998,354.87097
8,6,136.74193,16.393549,356.4516
8,7,137.64516,16.503225,358.3871
8,8,132.32259,17.225807,361.96774
8,9,,,
8,10,,,
9,0,157.80646000000002,12.725806,301.80646
9,1,141.96774,14.709678,334.2258
9,2,141.51613,14.738709,339.74194
9,3,140.16128999999998,15.267742000000002,344.35483
9,4,140.29033,15.6967745,352.5484
9,5,139.58064,16.093548000000002,356.58066
9,6,137.2258,16.56129,359.0
9,7,134.58064,17.058065,363.9355
9,8,132.06451,17.483871,366.35483
9,9,131.45161000000002,17.73871,369.96774
9,10,,,
9,11,,,
10,0,150.96774,13.745160999999998,318.7742
10,1,161.93549,12.96129,314.80646
10,2,143.32259,14.954839000000002,340.32257000000004
10,3,142.25807,15.316129,350.74194
10,4,141.7742,15.674192999999999,353.5484
10,5,139.64516,16.187098000000002,357.5484
10,6,146.2258,15.212903,356.7097
10,7,138.74193,16.841935999999997,370.67742999999996
10,8,137.25807,17.235483,372.32257000000004
10,9,132.12903,17.932259,376.19354
10,10,128.96774,18.319354999999998,375.8387
10,11,125.67742,18.780645,374.96774
10,12,,,
10,13,,,
10,14,117.41936000000001,20.390322,377.35483
10,15,,,
10,18,107.45161399999999,21.86129,376.35483
11,0,171.35484,12.732258,324.64517
11,1,160.7742,13.709678,336.48386
11,2,145.64516,15.077419,353.32257000000004
11,3,145.25807,15.245160999999998,351.90323
11,4,148.41936,15.087097,352.32257000000004
11,5,148.03226,15.209678,355.2903
11,6,143.80646000000002,15.590322500000001,368.7742
11,7,139.12903,17.241936,382.64517
11,8,135.67741,17.732257999999998,380.8387
11,9,135.29033,17.893549,383.35483
11,10,132.2258,18.287096,382.9355
11,11,129.48387,18.580645,382.32257000000004
11,12,122.67742,19.451612,382.67742999999996
11,13,119.48387,20.132257,384.4516
11,14,114.54838600000001,20.764517,382.2258
11,15,117.51613,20.63871,387.19354
11,16,113.0,21.222579999999997,381.7742
11,17,109.29032,21.745161,379.7097
11,18,107.29032,22.17742,381.09677
11,19,102.83870999999999,22.974194,385.12903
11,20,104.67742,22.838708999999998,386.7742
12,0,157.58064,14.435483999999999,349.7742
12,1,157.32259,14.490322,352.96774
12,2,160.80646000000002,14.009678,346.9355
12,3,158.51613,14.2709675,350.41934
12,4,153.70967,14.748387,357.80646
12,5,144.25807,15.932258,372.48386
12,6,145.0,16.161291000000002,387.7742
12,7,141.80646000000002,16.819354999999998,389.9355
12,8,140.16128999999998,17.341935999999997,389.41934
12,9,140.0,17.106451,385.48386
12,10,133.29033,18.148388,386.7097
12,11,126.80645,18.970968,386.19354
12,12,125.90323000000001,19.274193,393.6129
12,13,124.03226000000001,19.780645,402.90323
12,14,118.354836,20.619354,401.0645
12,15,117.25806399999999,20.78387,393.8387
12,16,112.48387,21.429031,387.58066
12,17,111.16129,21.629032000000002,389.4516
12,18,106.32258,22.403225,390.96774
12,19,105.51613,22.703226,391.25806
12,20,102.16129000000001,23.219355,391.58066
12,21,99.741936,23.858065,393.0645
12,22,,,
13,0,192.54838999999998,11.732258,335.2258
13,1,201.32259,10.783871000000001,319.41934
13,2,170.83871000000002,13.3032255,346.09677
13,3,163.67741,14.167742,359.67742999999996
13,4,155.54838999999998,15.077419,374.12903
13,5,146.7742,16.054838,387.8387
13,6,147.25807,16.167742,394.64517
13,7,143.06451,16.780645,394.09677
13,8,140.87097,17.029032,393.74194
13,9,142.09677,16.774193,394.7097
13,10,139.3871,17.225807,394.64517
13,11,141.16128999999998,17.306452,392.25806
13,12,123.67742,19.835484,408.74194
13,13,120.51613,20.412903,409.32257000000004
13,14,117.22581000000001,20.916128,404.64517
13,15,116.87096399999999,20.958064999999998,405.25806
13,16,112.74193600000001,21.387096,396.74194
13,17,109.3871,22.019356,395.32257000000004
13,18,105.54838600000001,22.722579999999997,399.2903
13,19,104.35483599999999,23.038710000000002,397.41934
13,20,102.77419,23.345160999999997,402.58066
13,21,103.548386,22.980644,398.87097
13,22,98.19355,24.461289999999998,402.7742
13,23,96.41936,24.632257,401.7742
13,24,,,
14,0,188.19353999999998,12.53871,352.67742999999996
14,1,179.54838999999998,13.596774,379.35483
14,2,176.6129,13.280645000000002,369.03226
14,3,156.93549,15.006452,388.0645
14,4,151.80646000000002,15.593549,389.67742999999996
14,5,150.87097,15.974194,396.9355
14,6,147.87097,16.212904,395.67742999999996
14,7,146.93549,16.280645,396.35483
14,8,144.32259,16.490322,397.64517
14,9,139.12903,17.1,405.12903
14,10,138.2258,17.551613,404.03226
14,11,128.6129,19.116129,410.12903
14,12,129.51613,19.158064000000003,419.9355
14,13,124.93548600000001,19.919355,418.80646
14,14,124.25806399999999,20.003225,409.64517
14,15,115.54838600000001,20.935484,401.41934
14,16,111.48387,21.8,401.09677
14,17,106.80645,22.493547,403.09677
14,18,114.12903600000001,21.519356,410.03226
14,19,107.58063999999999,22.516129,410.5484
14,20,103.35483599999999,23.332258,408.58066
14,21,99.935486,24.025806,407.90323
14,22,98.3871,24.412903,405.90323
14,23,98.09676999999999,24.593548000000002,412.58066
14,24,96.0,24.887096,417.4516
15,0,188.41936,13.974194,428.6129
15,1,187.6129,13.064516000000001,391.58066
15,2,178.09677,14.048388000000001,402.1613
15,3,183.41936,13.509678,393.80646
15,4,166.06451,15.203226,403.58066
15,5,156.54838999999998,15.716129,403.64517
15,6,159.96774,15.129032,396.09677
15,7,163.54838999999998,14.935483999999999,396.03226
15,8,146.03226,16.629032000000002,409.9355
15,9,140.0,17.36129,413.3871
15,10,133.58064,18.303226000000002,416.80646
15,11,129.80646000000002,19.006453,419.64517
15,12,130.67741,19.032259,420.96774000000005
15,13,129.96774,19.093548000000002,413.58066
15,14,124.645164,19.76129,410.1613
15,15,125.51613,19.606451,409.51614
15,16,130.29033,18.619354,397.67742999999996
15,17,123.25806399999999,19.641935,402.64517
15,18,112.09676999999999,21.706451,409.8387
15,19,104.32258,23.35484,412.0
15,20,103.09676999999999,23.083872,415.25806
15,21,103.22581,23.551613,421.03225999999995
15,22,99.22581,24.241936,417.90323
15,23,96.51613,24.967741,424.41934000000003
15,24,,,
16,0,177.25807,15.66129,458.58065999999997
16,1,174.64516,15.232257999999998,437.41934000000003
16,2,165.45161000000002,16.7,461.3871
16,3,166.45161000000002,16.022581,436.74194000000006
16,4,168.25807,14.954839000000002,404.2258
16,5,162.64516,15.154839,400.32257000000004
16,6,163.48387,15.045160999999998,399.19354
16,7,164.32259,15.070967999999999,404.7742
16,8,158.67741,15.296774,398.6129
16,9,157.12903,15.33871,401.0
16,10,138.6129,17.809677,419.25806
16,11,134.29033,18.490322,422.51614000000006
16,12,133.19353999999998,18.64516,415.2258
16,13,136.0,18.125807000000002,413.25806
16,14,133.19353999999998,18.435484,409.6129
16,15,130.41936,18.658064000000003,401.32257000000004
16,16,134.19353999999998,17.670967,383.2258
16,17,130.67741,18.012903,377.25806
16,18,132.0,17.522581,367.87097
16,19,111.3871,21.3,400.80646
16,20,107.41936000000001,22.35484,415.19354
16,21,104.0,23.338708999999998,424.0
16,22,98.16129000000001,24.606451,429.35483
16,23,97.0,25.012903,441.96774000000005
16,24,,,
16,31,,,
17,0,167.48387,17.609678,498.67742999999996
17,1,174.32259,16.680645000000002,484.0
17,2,178.74193,15.648387,449.58065999999997
17,3,175.19353999999998,15.470967000000002,430.09677
17,4,192.70967,13.470967000000002,398.12903
17,5,184.32259,14.212903,410.51614
17,6,183.06451,13.745160999999998,396.35483
17,7,174.35484,13.970967000000002,386.7742
17,8,152.96774,16.067741,410.58066
17,9,142.80646000000002,17.374192999999998,427.48385999999994
17,10,144.45161000000002,17.258064,429.2258
17,11,143.35484,17.122581,419.74194000000006
17,12,144.51613,16.967741,411.2258
17,13,133.96774,18.319354999999998,418.41934
17,14,132.32259,18.412903,412.0645
17,15,132.35484,18.290323,402.32257000000004
17,16,136.0,17.748386,395.8387
17,17,182.67741,12.225806,317.74194
17,18,127.45161399999999,18.096775,371.09677
17,19,109.19355,22.183870000000002,416.6129
17,20,105.87096399999999,22.829033,424.74194000000006
17,21,106.22581000000001,22.787096,430.51614000000006
17,22,97.90323000000001,24.777420000000003,443.96774000000005
17,23,97.548386,25.222579999999997,452.2903
17,24,,,
17,28,,,
17,29,96.58064,24.893549,426.3871
17,30,96.548386,24.916128,426.4516
17,31,96.6129,24.883871,426.8387
17,32,96.77419,24.870967999999998,430.0645
18,0,169.2258,17.754839,500.6129
18,1,179.16128999999998,16.432259,470.5484
18,2,179.03226,16.606451,467.7097
18,3,193.96774,14.877419,432.9355
18,4,195.03226,14.158064999999999,417.25806
18,5,189.2258,14.154839,412.3871
18,6,171.83871000000002,14.745160999999998,407.64517
18,7,156.64516,15.883871,415.7742
18,8,155.93549,15.919354,415.90323
18,9,151.06451,16.432259,421.58065999999997
18,10,144.80646000000002,17.090322,426.0
18,11,146.64516,16.748386,415.5484
18,12,141.54838999999998,17.64516,420.6129
18,13,137.12903,18.3,423.2258
18,14,138.0,18.032259,424.5484
18,15,133.96774,18.225807,416.2903
18,16,152.96774,15.129032,358.8387
18,17,168.51613,13.3032255,325.87097
18,18,147.29033,15.683871,361.25806
18,19,130.25807,18.222579999999997,393.96774
18,20,107.3871,22.606451,431.8387
18,21,104.48387,23.383871,443.09677
18,22,98.51613,24.809677,454.87097
18,23,97.451614,25.109678,455.8387
18,24,97.41936,25.222579999999997,460.41934000000003
18,28,,,
18,29,95.064514,25.206451,439.25805999999994
18,30,96.58064,24.890322,432.87097
18,31,96.67742,24.86129,434.12903
18,32,97.29032,24.82258,434.3871
18,33,98.90323000000001,24.683870000000002,436.4516
18,34,99.258064,24.635485,439.5484
19,0,163.90323,18.996775,522.871
19,1,172.48387,17.893549,498.09677
19,2,210.09677000000002,14.061291,425.35483
19,3,199.29033,14.4,426.51614000000006
19,4,200.48387,14.093549,418.3871
19,5,186.7742,15.138710000000001,427.09677
19,6,197.93549,13.309676999999999,397.58066
19,7,161.25807,15.503226000000002,410.3871
19,8,159.19353999999998,15.487097,410.12903
19,9,149.6129,16.519356,422.41934000000003
19,10,146.90323,16.764517,426.90323
19,11,153.64516,15.980645,414.67742999999996
19,12,147.6129,16.890322,415.67742999999996
19,13,142.96774,17.416128,421.4516
19,14,141.3871,17.538710000000002,422.19354000000004
19,15,144.90323,16.696773999999998,392.41934
19,16,138.64516,17.483871,401.1613
19,17,132.6129,18.003225,405.2903
19,18,132.03226,18.051613,398.74194
19,19,129.54838999999998,18.403225,404.7742
19,20,105.90323000000001,23.051613,443.12903
19,21,103.35483599999999,23.603226,450.7097
19,22,100.3871,24.545162,462.9355
19,23,98.64516400000001,24.948387,465.3871
19,24,97.70968,25.267742000000002,467.67742999999996
19,28,,,
19,29,96.67742,24.983871,446.25805999999994
19,30,98.32258,24.932259,444.0645
19,31,98.80645,24.7,434.80645999999996
19,32,98.96774,24.56129,445.32257000000004
19,33,99.741936,24.470968,445.0645
19,34,100.064514,24.380646,442.2903
19,35,100.32258,24.229032999999998,440.96774000000005
20,0,164.83871000000002,19.006453,513.3871
20,1,176.19353999999998,17.777420000000003,491.03225999999995
20,2,194.70967,15.329032000000002,448.2258
20,3,182.2258,16.687098000000002,474.12903
20,4,180.74193,16.416128,454.2258
20,5,218.70967000000002,12.367742,394.2903
20,6,200.25807,12.829032000000002,383.8387
20,7,187.0,12.993547999999999,378.09677
20,8,186.51613,13.151613000000001,388.90323
20,9,165.06451,15.045160999999998,418.64517
20,10,158.12903,15.522581,417.19354
20,11,162.12903,15.1,402.80646
20,12,165.3871,14.877419,391.58066
20,13,169.7742,14.512903,385.12903
20,14,153.64516,15.912903,393.74194
20,15,142.70967,17.1,406.80646
20,16,131.19353999999998,18.477419,420.3871
20,17,133.3871,18.074194,412.6129
20,18,124.41936000000001,19.529032,435.64517
20,19,121.70968,19.987097,438.58065999999997
20,20,114.645164,21.519356,451.19354000000004
20,21,102.935486,24.045162,465.5484
20,22,100.6129,24.477419,472.0645
20,23,98.6129,25.025806,475.2903
20,24,98.77419,24.983871,481.80645999999996
20,25,99.16129000000001,25.103226,479.90323
20,26,,,
20,28,,,
20,29,98.90323000000001,24.85484,466.2258
20,30,99.870964,24.583872,461.2258
20,31,99.935486,24.519356,454.19354000000004
20,32,100.77419,24.293549,455.96774000000005
20,33,100.19355,24.306452,447.3871
20,34,100.48387,24.203226,449.5484
20,35,100.83870999999999,24.135485,447.48385999999994
20,36,100.70968,24.109678,453.3871
20,37,100.64516400000001,24.13871,455.12903
21,0,159.64516,19.809677,538.0968
21,1,162.06451,19.125807000000002,527.5161
21,2,169.58064,18.122581,505.09677
21,3,174.87097,17.680645000000002,495.19354000000004
21,4,197.0,14.745160999999998,441.1613
21,5,199.35484,14.212903,435.67742999999996
21,6,201.70967,13.319354999999998,413.2903
21,7,186.58064,13.754839000000002,404.5484
21,8,178.19353999999998,14.187097,418.32257000000004
21,9,167.29033,14.916129000000002,420.3871
21,10,164.09677,15.080646,414.8387
21,11,169.19353999999998,14.496773999999998,403.67742999999996
21,12,173.93549,14.016129500000002,385.35483
21,13,191.3871,12.674192999999999,359.32257000000004
21,14,185.45161000000002,13.106452,366.87097
21,15,147.32259,16.580645,403.8387
21,16,147.54838999999998,16.632257,413.32257000000004
21,17,134.25807,18.212904,427.2258
21,18,122.74193600000001,20.022581,444.03225999999995
21,19,123.67742,19.732257999999998,442.03225999999995
21,20,110.41936000000001,22.506453,469.90323
21,21,107.74193600000001,23.067741,474.5484
21,22,100.77419,24.4,482.80645999999996
21,23,100.51613,24.693548,489.0645
21,24,99.0,25.035484,488.9355
21,25,98.70968,25.329033,484.96774000000005
21,26,98.19355,25.4,482.6129
21,27,98.67742,25.151613,487.87097
21,28,100.0,24.774193,481.51614000000006
21,29,100.32258,24.619354,476.9355
21,30,100.22581,24.483871,469.32257000000004
21,31,100.64516400000001,24.412903,469.35483
21,32,101.548386,24.280645,468.6129
21,33,101.19355,24.112904,460.74194000000006
21,34,101.58064,24.016129,455.8387
21,35,100.935486,24.080645,456.7097
21,36,100.6129,24.122581,459.3871
21,37,100.64516400000001,24.122581,461.0645
21,38,100.80645,24.103226,461.7097
22,0,156.67741,19.706451,541.74194
22,1,166.7742,18.770967000000002,528.3871
22,2,171.54838999999998,18.206451,515.5161
22,3,170.70967,18.222579999999997,517.8387
22,4,173.67741,17.490322,498.1613
22,5,175.74193,16.696773999999998,483.25805999999994
22,6,194.80646000000002,13.990322,433.1613
22,7,194.96774,13.593549,424.03225999999995
22,8,191.19353999999998,14.112904,445.7742
22,9,175.70967,14.987097,448.87097
22,10,179.06451,13.922581,410.41934
22,11,202.51613,12.122581,374.32257000000004
22,12,200.83871000000002,12.109677,364.80646
22,13,197.83871000000002,12.17742,354.32257000000004
22,14,190.3871,12.719355,362.8387
22,15,155.12903,15.922581,408.09677
22,16,144.83871000000002,16.735483,414.6129
22,17,145.54838999999998,16.341935999999997,407.9355
22,18,135.48387,17.796774,424.12903
22,19,148.45161000000002,15.893548000000001,411.2903
22,20,112.51613,22.019356,470.32257000000004
22,21,103.77419,23.967741,481.2903
22,22,101.3871,24.464516,491.25805999999994
22,23,101.129036,24.477419,494.4516
22,24,101.96774,24.316129999999998,494.9355
22,25,100.129036,24.780645,495.48385999999994
22,26,98.83870999999999,24.987097,492.67742999999996
22,27,99.90323000000001,24.874192999999998,491.0645
22,28,100.51613,24.693548,485.9355
22,29,100.6129,24.63871,488.25805999999994
22,30,100.70968,24.780645,486.0645
22,31,101.80645,24.035484,481.0
22,32,102.3871,23.754839,475.5484
22,33,102.451614,23.906451999999998,468.96774000000005
22,34,102.16129000000001,23.880646,470.3871
22,35,100.67742,24.048388,472.9355
22,36,101.48387,23.912903,471.35483
22,37,100.70968,24.116129,468.80645999999996
23,0,158.0,19.790323,555.6774
23,1,169.06451,18.725807,539.6129
23,2,161.87097,19.36129,543.6451400000001
23,3,164.96774,18.596775,532.129
23,4,167.74193,18.141935,515.9032
23,5,171.90323,17.28387,505.2903
23,6,171.74193,17.067741,506.74194000000006
23,7,176.29033,15.935483999999999,482.1613
23,8,180.19353999999998,15.048388000000001,463.7742
23,9,181.90323,14.354838,443.6129
23,10,204.67741,12.296774000000001,397.9355
23,11,201.06451,12.725806,403.74194
23,12,208.06451,12.03871,382.48386
23,13,189.12903,13.16129,386.09677
23,14,175.12903,14.054839000000001,394.58066
23,15,157.29033,15.277419,403.35483
23,16,186.41936,12.583871,370.35483
23,17,176.19353999999998,13.264516,376.41934
23,18,151.25807,15.587097,401.8387
23,19,125.87096399999999,19.019356,440.2903
23,20,110.83871,22.232257999999998,476.5484
23,21,115.0,21.583872,483.09677
23,22,103.870964,23.641935,489.35483
23,23,101.22581,24.335484,494.7742
23,24,103.19355,24.006453,499.09677
23,25,101.129036,24.56129,498.87097
23,26,99.548386,24.7,502.2258
23,27,100.16129000000001,24.674194,506.90323
23,28,101.03226,24.135485,507.51614000000006
23,29,100.58064,24.432259,499.09677
23,30,101.32258,24.103226,490.2258
23,31,102.0,24.032259,485.12903
23,32,103.6129,23.829033,489.2258
23,33,102.3871,23.896774,488.87097
23,34,102.67742,23.603226,483.8387
23,35,101.32258,23.929031,480.80645999999996
23,36,101.935486,23.664516,481.64517
23,37,101.90323000000001,23.687098000000002,487.90323
23,38,100.41936,24.17742,490.87097
23,39,,,
23,40,,,
23,41,,,
24,0,159.16128999999998,19.641935,557.5806
24,1,168.96774,18.567741,547.0
24,2,156.2258,19.877419,552.9355
24,3,153.45161000000002,20.096775,557.3548599999999
24,4,164.19353999999998,18.390322,538.6451400000001
24,5,172.74193,17.012903,514.6129
24,6,171.51613,16.770967000000002,501.64517
24,7,185.6129,14.935483999999999,469.0
24,8,188.2258,14.254839000000002,451.96774000000005
24,9,194.58064,13.680645000000002,441.25805999999994
24,10,200.45161000000002,12.954839,424.09677
24,11,197.12903,13.235484,422.51614000000006
24,12,194.0,13.245160999999998,414.51614
24,13,176.16128999999998,14.425806,420.64517
24,14,180.12903,14.241935999999999,424.67742999999996
24,15,179.83871000000002,13.690323000000001,397.67742999999996
24,16,182.12903,12.922581,381.87097
24,17,177.06451,13.106452,380.58066
24,18,153.48387,15.267742000000002,403.03226
24,19,160.93549,14.458064000000002,395.7097
24,20,137.87097,17.28387,437.03225999999995
24,21,110.74193600000001,22.161291000000002,484.41934000000003
24,22,110.96773999999999,22.316129999999998,496.87097
24,23,105.25806399999999,23.629032000000002,502.7742
24,24,103.83870999999999,23.880646,504.80645999999996
24,25,105.51613,23.529032,505.3871
24,26,102.96774,24.2,509.2258
24,27,103.064514,24.26129,512.5806
24,28,102.51613,24.21613,510.41934000000003
24,29,103.0,23.977419,503.35483
24,30,104.96773999999999,23.67742,504.2258
24,31,104.741936,23.432259,497.41934000000003
24,32,104.64516400000001,23.387096,496.0
24,33,103.6129,23.406451999999998,498.9355
24,34,102.935486,23.445162,496.51614000000006
24,35,102.96774,23.383871,504.8387
24,36,102.77419,23.503225,503.51614000000006
24,37,101.741936,23.86129,503.12903
24,38,100.935486,24.0,496.6129
24,39,100.96774,23.948387,497.25805999999994
24,40,100.77419,23.864515,503.0645
24,41,101.064514,23.993547,497.5484
24,42,101.03226,23.990322,496.32257000000004
24,43,,,
24,44,,,
25,0,150.93549,20.374192999999998,568.3226
25,1,154.70967,19.8,565.6129
25,2,162.29033,18.958064999999998,555.5484
25,3,157.35484,19.477419,552.9032
25,4,163.29033,18.580645,538.5806
25,5,174.54838999999998,16.816129999999998,511.7742
25,6,178.2258,16.351612,501.58065999999997
25,7,185.48387,15.177420000000001,479.1613
25,8,187.51613,14.867742000000002,477.48385999999994
25,9,194.96774,13.677420000000001,448.2258
25,10,196.35484,13.580646,441.64517
25,11,199.3871,13.629032,458.3871
25,12,191.54838999999998,14.012903,457.25805999999994
25,13,182.83871000000002,14.535484,459.48385999999994
25,14,176.6129,14.629032,442.41934000000003
25,15,174.25807,14.396773999999999,423.1613
25,16,181.32259,12.858065,380.09677
25,17,180.48387,12.880645,383.4516
25,18,162.80646000000002,14.312903,399.6129
25,19,138.0,17.26129,438.0
25,20,130.83871000000002,18.429031,458.6129
25,21,117.29032,20.803226000000002,485.7097
25,22,115.67742,21.003225,486.96774000000005
25,23,107.93548600000001,22.648388,502.2903
25,24,104.58064,23.616129,507.1613
25,25,105.96773999999999,23.306452,508.35483
25,26,105.51613,23.532259,512.80646
25,27,105.93548600000001,23.316129999999998,513.7742
25,28,104.83870999999999,23.748386,514.0
25,29,105.6129,23.183870000000002,512.4516
25,30,105.645164,23.183870000000002,503.51614000000006
25,31,106.16129,23.009678,505.1613
25,32,105.74193600000001,23.016129,511.35483
25,33,105.22581000000001,23.116129,509.4516
25,34,105.0,23.209677,509.51614000000006
25,35,102.96774,23.4,516.5484
25,36,102.58064,23.641935,517.4839
25,37,101.870964,23.664516,518.9355
25,38,102.03226,23.325806,513.0323
25,39,100.870964,23.541935000000002,514.2258
25,40,100.67742,23.725807,506.35483
25,41,100.67742,23.980644,499.0
25,42,99.03226,23.858065,500.96774000000005
25,43,100.51613,23.745161,508.80645999999996
25,44,103.51613,23.419355,508.58065999999997
25,45,,,
26,1,162.16128999999998,18.8,553.80646
26,2,166.32259,18.303226000000002,544.5161
26,3,161.70967,18.703226,540.5806
26,4,166.64516,18.054838,535.3871
26,5,164.0,18.051613,544.129
26,6,170.90323,17.06129,526.9677
26,7,178.12903,15.993548,504.12903
26,8,186.25807,14.906451,480.03225999999995
26,9,183.80646000000002,15.222581,489.5484
26,10,198.70967,13.741935999999999,460.9355
26,11,203.58064,13.422581,461.4516
26,12,201.6129,13.548388000000001,465.09677
26,13,202.19353999999998,13.183871,439.7097
26,14,184.67741,14.564516000000001,471.32257000000004
26,15,169.09677,15.287097,459.9355
26,16,182.80646000000002,13.154839,409.41934
26,17,185.35484,12.374193,374.58066
26,18,153.6129,15.3,422.96774000000005
26,19,154.90323,15.145162,425.7097
26,20,146.06451,16.232257999999998,439.9355
26,21,132.96774,18.003225,468.0645
26,22,117.29032,20.545162,489.12903
26,23,105.80645,22.948387,502.80645999999996
26,24,107.06451399999999,22.903225,507.1613
26,25,108.0,22.670967,511.4516
26,26,108.22581000000001,22.67742,518.5806
26,27,107.12903600000001,22.912903,520.25806
26,28,106.354836,23.064516,519.4839
26,29,106.41936000000001,22.870967999999998,515.6451400000001
26,30,106.3871,22.829033,523.9032
26,31,106.6129,22.767742000000002,522.74194
26,32,105.6129,22.754839,519.25806
26,33,105.54838600000001,22.958064999999998,519.7742
26,34,105.19355,23.090322,519.3226
26,35,103.19355,22.890322,536.0968
26,36,102.870964,23.258064,529.3871
26,37,101.67742,23.441935,527.0968
26,38,101.129036,23.35484,522.5806
26,39,100.83870999999999,23.432259,520.129
26,40,100.80645,23.380646,527.5161
26,41,99.32258,23.448387,518.25806
26,42,98.51613,23.719355,513.871
26,43,101.064514,23.512903,514.9355
26,44,103.548386,23.364515,513.1613
26,45,103.96774,23.23871,516.8387
26,46,105.48387,23.083872,518.6774
27,1,144.45161000000002,20.883871,572.0968
27,2,160.06451,18.874192999999998,545.6129
27,3,171.48387,17.464516,529.6774
27,4,161.7742,18.396774,546.3871
27,5,158.41936,18.667742,554.6129
27,6,158.83871000000002,18.73871,559.25806
27,7,162.7742,18.035484,549.8387
27,8,165.0,17.612904,542.4839
27,9,174.29033,16.222579999999997,512.0968
27,10,198.3871,13.870968,460.3871
27,11,211.41936,12.887096000000001,460.0
27,12,215.0,12.712903,457.48385999999994
27,13,204.29033,13.587097,477.74194000000006
27,14,187.74193,14.119354999999999,466.7097
27,15,180.16128999999998,13.9,440.35483
27,16,164.3871,14.416129000000002,427.2903
27,17,168.32259,13.893548000000001,422.12903
27,18,161.2258,14.212903,418.9355
27,19,152.90323,15.145162,428.5484
27,20,140.35484,16.864515,453.87097
27,21,128.96774,18.758064,487.2258
27,22,127.80645,19.035484,491.67742999999996
27,23,120.77418999999999,20.196773999999998,500.87097
27,24,114.25806399999999,21.351612,511.67742999999996
27,25,110.22581000000001,22.21613,518.5806
27,26,108.93548600000001,22.267742000000002,522.1613
27,27,110.45161399999999,21.880646,523.9677
27,28,108.45161399999999,22.229032999999998,528.7742
27,29,107.41936000000001,22.551613,528.2258
27,30,107.32258,22.512903,534.8387
27,31,105.58063999999999,22.787096,537.0323
27,32,105.48387,22.741936,542.2258
27,33,105.54838600000001,22.893549,544.0323
27,34,104.29032,22.929031,544.1613
27,35,103.451614,22.280645,544.9032
27,36,103.0,22.970968,540.6774
27,37,101.58064,23.07742,538.29034
27,38,101.58064,22.887096,543.2258
27,39,101.129036,23.016129,542.74194
27,40,100.258064,23.141935,534.29034
27,41,98.58064,23.2,525.4516
27,42,98.741936,23.435484,522.6451400000001
27,43,99.03226,23.17742,531.0968
27,44,99.51613,23.529032,526.9355
27,45,102.32258,23.390322,527.70966
27,46,103.3871,23.335484,528.9677
27,47,,,
28,1,158.29033,18.967741,551.7742
28,2,164.87097,18.245161,543.4839
28,3,164.09677,18.232257999999998,543.74194
28,4,162.7742,18.348387,545.9032
28,5,173.58064,16.977419,545.3548599999999
28,6,159.83871000000002,18.432259,561.74194
28,7,160.51613,18.067741,559.19354
28,8,167.93549,17.141935,536.9677
28,9,174.45161000000002,16.458064999999998,528.0968
28,10,191.7742,14.751613,497.9355
28,11,208.70967,13.312903,471.41934000000003
28,12,201.93549,13.912903,492.90323
28,13,184.16128999999998,15.16129,508.8387
28,14,180.45161000000002,15.216129,501.96774000000005
28,15,171.09677,15.625807,500.90323
28,16,173.3871,14.012903,452.1613
28,17,174.06451,12.870968,412.9355
28,18,155.96774,14.522581,426.2903
28,19,141.12903,16.725807,461.48385999999994
28,20,141.7742,16.619354,465.0
28,21,133.45161000000002,18.129032000000002,488.90323
28,22,124.87096399999999,19.593548000000002,499.35483
28,23,121.03226000000001,20.341935999999997,507.2258
28,24,116.32258,20.929031,514.4194
28,25,117.09676999999999,20.616129,513.5484
28,26,113.03226000000001,21.351612,520.5806
28,27,110.96773999999999,21.712904,528.80646
28,28,109.06451399999999,22.029032,533.871
28,29,107.83871,22.203226,538.4516
28,30,107.67742,22.180645000000002,543.5484
28,31,106.51613,22.383871,547.6129
28,32,105.48387,22.603226,554.4194
28,33,105.19355,22.71613,553.1613
28,34,104.48387,22.648388,550.8387
28,35,104.77419,22.580645,555.70966
28,36,103.09676999999999,22.622581,557.80646
28,37,102.35483599999999,22.838708999999998,554.29034
28,38,101.41936,22.82258,550.0968
28,39,101.548386,22.767742000000002,547.5806
28,40,104.48387,22.393549,548.25806
28,41,99.32258,22.954838,547.8387
28,42,98.67742,23.038710000000002,545.0968
28,43,99.548386,23.012903,538.6129
28,44,99.96774,23.174194,536.129
28,45,99.77419,23.251614,539.7742
28,46,100.90323000000001,23.251614,538.871
28,47,101.32258,23.045162,548.0968
28,48,99.51613,23.074194,542.6774
29,0,151.83871000000002,19.787096,564.6774
29,1,153.51613,19.609678,561.0645
29,2,165.7742,18.241936,549.1613
29,3,164.58064,18.206451,548.0323
29,4,165.12903,18.025806,553.19354
29,5,161.58064,18.319354999999998,565.9677
29,6,154.12903,18.993547,573.70966
29,7,147.90323,19.806452,585.5161
29,8,163.6129,17.748386,558.4516
29,9,181.0,15.777419,523.871
29,10,187.93549,15.048388000000001,507.2903
29,11,181.2258,15.635484,520.6129
29,12,177.25807,16.041935000000002,526.5484
29,13,179.35484,15.474194,517.3226
29,14,179.48387,14.793548999999999,495.03225999999995
29,15,177.16128999999998,14.851613,486.8387
29,16,190.06451,12.087097,418.2903
29,17,183.93549,12.622581,425.8387
29,18,166.87097,13.2,421.0645
29,19,161.03226,13.922581,436.41934000000003
29,20,138.83871000000002,17.209677,481.58065999999997
29,21,134.96774,17.838708999999998,491.5484
29,22,138.80646000000002,17.154839000000003,489.0
29,23,132.0,18.203226,493.7742
29,24,122.12903600000001,19.951612,510.35483
29,25,115.354836,20.945162,517.0
29,26,112.80645,21.503225,526.74194
29,27,111.96773999999999,21.690323,533.6129
29,28,110.93548600000001,21.71613,539.5806
29,29,109.83871,21.719355,543.74194
29,30,107.25806399999999,22.270967000000002,547.4516
29,31,106.09676999999999,22.13871,554.129
29,32,105.93548600000001,22.170967,554.9032
29,33,106.354836,21.877419,557.3226
29,34,107.0,21.248386,555.871
29,35,105.25806399999999,22.254839,558.5161
29,36,103.258064,22.380646,558.0
29,37,102.64516400000001,22.545162,549.4839
29,38,102.80645,22.406451999999998,554.7742
29,39,108.32258,21.596775,559.3226
29,40,102.67742,22.23871,558.6774
29,41,99.03226,22.606451,557.4516
29,42,99.67742,22.35484,550.9032
29,43,99.80645,22.332258,552.4839
29,44,99.77419,22.990322,548.0645
29,45,100.064514,23.135485,547.6451400000001
29,46,101.41936,22.7,560.5484
29,47,103.451614,22.558065,554.70966
29,48,102.064514,22.587097,558.6129
29,49,99.67742,22.9,553.0645
30,0,140.12903,21.612904,577.3548599999999
30,1,163.32259,18.290323,551.70966
30,2,163.51613,18.267742000000002,551.4516
30,3,164.70967,18.045162,552.1613
30,4,168.48387,17.490322,544.8387
30,5,181.45161000000002,16.222579999999997,524.3548599999999
30,6,161.87097,18.154839000000003,567.3548599999999
30,7,151.90323,19.351612,585.1613
30,8,163.90323,17.616129,561.871
30,9,168.2258,17.167742,554.9032
30,10,174.6129,16.451612,538.9355
30,11,214.16128999999998,13.067741999999999,478.35483
30,12,206.74193,13.438709,478.19354000000004
30,13,196.64516,13.880645000000001,487.3871
30,14,191.90323,13.864516,480.35483
30,15,195.12903,13.377419,468.51614000000006
30,16,205.70967,11.154838999999999,415.74194
30,17,201.7742,10.816129,402.51614
30,18,185.7742,11.903226,418.41934
30,19,160.96774,14.3032255,457.87097
30,20,145.67741,16.029032,482.03225999999995
30,21,142.67741,16.435484,485.64517
30,22,143.29033,16.419355,484.3871
30,23,124.83871,19.316129999999998,506.64517
30,24,118.45161399999999,20.451612,518.0968
30,25,120.0,20.258064,522.25806
30,26,114.48387,21.148388,526.5806
30,27,111.6129,21.741936,535.70966
30,28,110.354836,22.025806,541.4516
30,29,125.80645,19.648388,543.5806
30,30,111.77418999999999,21.429031,545.871
30,31,108.93548600000001,21.712904,550.8387
30,32,106.83871,21.82258,556.3226
30,33,107.70968,20.883871,558.4194
30,34,107.29032,21.067741,557.1613
30,35,106.6129,21.803226000000002,557.19354
30,36,105.6129,22.038710000000002,559.4516
30,37,104.09676999999999,21.925806,561.4194
30,38,105.3871,21.538710000000002,559.1613
30,39,110.48387,20.967741,559.4194
30,40,104.741936,21.790323,557.1613
30,41,101.129036,22.403225,557.6451400000001
30,42,99.41936,22.635485,562.3226
30,43,99.67742,22.751614,561.4516
30,44,99.90323000000001,22.748386,562.0
30,45,100.0,22.451612,573.74194
30,46,100.3871,22.254839,581.0645
30,47,102.48387,22.225807,571.25806
30,48,104.741936,22.17742,561.29034
30,49,99.77419,22.925806,560.74194
31,0,161.3871,18.377419,576.8387
31,1,163.16128999999998,18.203226,555.9032
31,2,161.41936,18.348387,561.4516
31,3,168.41936,17.4,549.7742
31,4,173.7742,16.790323,540.70966
31,5,167.87097,17.416128,558.6129
31,6,153.96774,19.022581,584.4839
31,7,158.09677,18.487097,584.80646
31,8,169.48387,17.183870000000002,564.25806
31,9,176.06451,16.338708999999998,538.5806
31,10,212.09677000000002,13.180645000000002,480.25805999999994
31,11,229.19353999999998,11.977419,450.80645999999996
31,12,224.64516,12.1967745,453.3871
31,13,204.25807,13.558064000000002,480.03225999999995
31,14,196.96774,14.032257999999999,489.5484
31,15,205.48387,11.941936,441.90323
31,16,201.90323,11.212903,419.7742
31,17,212.41936,10.316129,404.35483
31,18,176.0,12.66129,429.67742999999996
31,19,162.87097,14.025806,454.8387
31,20,153.70967,14.929032000000001,473.41934000000003
31,21,147.6129,15.748387,485.0
31,22,146.19353999999998,15.887096,494.2258
31,23,131.54838999999998,18.129032000000002,516.9677
31,24,129.12903,18.464516,515.9032
31,25,124.45161399999999,19.406451999999998,514.3226
31,26,113.96773999999999,21.383871,527.70966
31,27,114.16129,21.332258,536.80646
31,28,115.22581000000001,21.112904,533.0
31,29,111.09676999999999,21.67742,541.3871
31,30,112.09676999999999,20.929031,546.0
31,31,110.70968,21.132257,548.0645
31,32,108.32258,21.664516,553.6129
31,33,110.41936000000001,21.341935999999997,549.9032
31,34,107.77418999999999,21.154839000000003,551.3871
31,35,106.354836,22.070969,560.5161
31,36,104.19355,22.141935,563.6129
31,37,103.935486,21.964516,560.4516
31,38,103.935486,22.129032000000002,557.3548599999999
31,39,104.48387,21.758064,555.3548599999999
31,40,103.22581,22.190323,561.4516
31,41,101.29032,22.345160999999997,563.5161
31,42,99.6129,22.541935000000002,563.5161
31,43,99.741936,22.474194,564.6129
31,44,100.03226,22.345160999999997,563.3226
31,45,100.064514,22.21613,582.2258
31,46,100.51613,22.296774,578.9032
31,47,101.58064,22.319354999999998,574.0968
31,48,101.16129000000001,22.477419,571.4194
31,49,103.22581,22.358065,564.871
32,0,166.51613,17.71613,573.5484
32,1,157.12903,18.706451,584.2258
32,2,161.58064,18.225807,574.5161
32,3,164.64516,17.919355,570.5161
32,4,163.19353999999998,18.125807000000002,576.74194
32,5,167.80646000000002,17.458064999999998,561.0645
32,6,168.41936,17.312901999999998,574.4516
32,7,169.45161000000002,17.025806,563.6774
32,8,198.3871,14.293548999999999,512.6129
32,9,235.29032999999998,11.645162,454.5484
32,10,250.35484,10.770967500000001,435.9355
32,11,239.58064,11.46129,449.1613
32,12,227.25807000000003,12.048388000000001,454.03225999999995
32,13,227.03226,11.545161,437.8387
32,14,208.25807,12.067741999999999,440.74194000000006
32,15,210.7742,11.867742,437.5484
32,16,233.80646000000002,9.17742,388.19354
32,17,249.2258,7.9258065,368.3871
32,18,219.70967000000002,9.477419,397.80646
32,19,172.12903,12.967742,444.03225999999995
32,20,173.32259,12.883871000000001,446.8387
32,21,153.2258,14.903226,479.7097
32,22,154.03226,14.970967000000002,487.80645999999996
32,23,141.32259,16.493547,504.9355
32,24,130.51613,18.193548,510.25805999999994
32,25,133.48387,17.683870000000002,504.0
32,26,120.45161399999999,20.229032999999998,520.8387
32,27,118.29032,20.445162,524.80646
32,28,113.22581000000001,21.167742,535.8387
32,29,113.54838600000001,21.041935000000002,539.4516
32,30,116.03226000000001,20.525806,540.3871
32,31,121.6129,19.493547,540.8387
32,32,126.06451399999999,18.874192999999998,535.9355
32,33,108.06451399999999,21.319354999999998,548.2258
32,34,106.354836,22.103226,557.8387
32,35,107.22581000000001,22.032259,557.871
32,36,105.09676999999999,22.229032999999998,559.4516
32,37,103.96774,22.170967,557.3226
32,38,104.064514,22.041935000000002,557.1613
32,39,102.16129000000001,22.383871,565.1613
32,40,101.90323000000001,22.490322,566.5484
32,41,101.548386,22.509678,567.2258
32,42,99.80645,22.641935,553.9355
32,43,100.90323000000001,21.661291000000002,550.7742
32,44,99.96774,22.429031,566.6129
32,45,99.935486,22.554838,567.8387
32,46,100.258064,22.593548000000002,568.4516
32,47,100.451614,22.658064000000003,569.0968
32,48,102.548386,22.503225,567.2258
32,49,,,
33,0,162.74193,17.983871,568.0
33,1,156.90323,18.777420000000003,590.3226
33,2,156.19353999999998,18.712904,589.871
33,3,154.64516,18.780645,587.70966
33,4,157.3871,18.64516,588.0
33,5,153.06451,19.003225,597.4194
33,6,173.35484,16.732257999999998,566.9032
33,7,204.3871,13.948387,519.70966
33,8,196.70967,14.464516,522.3226
33,9,207.64516,13.354838,487.7097
33,10,247.06451,11.096774,447.32257000000004
33,11,250.58064,10.851613,436.12903
33,12,251.6129,10.596774,425.6129
33,13,251.80646000000002,10.403226,417.87097
33,14,242.80646000000002,10.519355000000001,416.51614
33,15,216.54838999999998,11.367742,422.0645
33,16,241.83871000000002,8.545161,371.7097
33,17,243.83871000000002,8.264516,372.58066
33,18,209.54838999999998,10.164516,405.09677
33,19,183.09677,12.193548,444.74194000000006
33,20,172.25807,13.029033,458.7742
33,21,157.06451,14.6,480.80645999999996
33,22,144.7742,16.041935000000002,499.74194000000006
33,23,146.6129,15.812903,495.32257000000004
33,24,135.29033,17.519356,510.35483
33,25,128.19353999999998,18.696773999999998,513.2258
33,26,122.83871,19.629032000000002,517.2258
33,27,124.0,19.122581,516.3871
33,28,126.74193600000001,19.009678,514.9355
33,29,118.58063999999999,19.996775,530.6129
33,30,123.25806399999999,19.21613,525.0
33,31,117.645164,20.167742,530.0
33,32,127.25806399999999,17.290323,514.4194
33,33,122.25806399999999,16.816129999999998,491.7742
33,34,112.09676999999999,21.406451999999998,553.5161
33,35,108.70968,21.996775,552.9677
33,36,105.0,22.345160999999997,552.8387
33,37,104.03226,22.219355,555.9355
33,38,103.0,22.503225,559.5161
33,39,102.58064,22.516129,562.0645
33,40,102.80645,22.583872,567.0968
33,41,100.58064,22.670967,552.0323
33,42,100.80645,22.067741,541.9355
33,43,99.935486,23.235483,539.25806
33,44,99.870964,23.083872,550.6774
33,45,100.064514,22.925806,559.2258
33,46,100.48387,22.9,562.0
33,47,100.48387,22.941935,567.5484
33,48,102.0,22.658064000000003,564.9677
33,49,101.22581,22.667742,569.19354
34,0,,,
34,1,159.74193,18.32258,594.5161
34,2,157.3871,18.57742,597.6129
34,3,160.58064,18.074194,590.80646
34,4,159.74193,18.119354,588.871
34,5,180.90323,16.038710000000002,564.5484
34,6,190.64516,15.154839,548.7742
34,7,174.0,16.458064999999998,564.5161
34,8,205.41936,13.774194,509.5484
34,9,232.16128999999998,12.083871,479.80645999999996
34,10,214.6129,13.009678,482.7097
34,11,239.25807000000003,11.451611999999999,450.41934000000003
34,12,251.58064,10.654838999999999,430.1613
34,13,252.74192999999997,10.332258,418.0645
34,14,259.51614,8.867742,375.9355
34,15,255.06451,9.3032255,387.64517
34,16,261.64517,8.090322500000001,369.41934
34,17,244.35484,8.587097,376.35483
34,18,200.29033,10.987097,430.58065999999997
34,19,181.90323,12.212903,451.0
34,20,182.06451,12.180645,452.87097
34,21,180.16128999999998,12.190323,452.09677
34,22,172.09677,12.925806,460.5484
34,23,147.41936,15.783871,495.41934000000003
34,24,134.51613,17.641935,508.8387
34,25,141.93549,16.35484,485.7097
34,26,144.3871,15.812903,469.2258
34,27,138.90323,16.387096,473.12903
34,28,123.83871,18.85484,508.48385999999994
34,29,124.09676999999999,18.92258,513.0645
34,30,132.0,17.525806,488.2258
34,31,123.96773999999999,19.080645,507.0645
34,32,115.67742,20.470968,531.6129
34,33,110.80645,21.07742,543.29034
34,34,122.51613,20.429031,542.25806
34,35,119.70968,20.719355,543.3548599999999
34,36,108.12903600000001,21.990322,550.8387
34,37,103.6129,22.432259,553.129
34,38,102.548386,22.980644,541.4516
34,39,103.064514,22.870967999999998,540.0645
34,40,103.064514,23.07742,531.9355
34,41,103.29032,23.0,533.7742
34,42,100.90323000000001,23.470968,529.9032
34,43,100.09676999999999,23.203226,540.2258
34,44,100.16129000000001,22.893549,546.0
34,45,100.32258,22.754839,542.29034
34,46,100.48387,23.083872,548.74194
34,47,100.64516400000001,22.990322,556.74194
35,0,,,
35,1,162.09677,17.912903,604.129
35,2,163.51613,17.654839000000003,604.19354
35,3,165.54838999999998,17.345160999999997,592.871
35,4,176.7742,16.483871,579.74194
35,5,182.74193,15.738709,568.3871
35,6,181.93549,15.787097,562.9032
35,7,183.70967,15.603226000000001,563.3226
35,8,192.29033,14.925806,539.29034
35,9,222.83871000000002,12.806452,502.80645999999996
35,10,226.70967000000002,12.316129,475.51614000000006
35,11,243.70967000000002,11.212903,451.90323
35,12,242.16128999999998,10.867742,438.0
35,13,238.54838999999998,11.258064,445.1613
35,14,263.0,9.135484,396.64517
35,15,256.90323,8.754839,381.2903
35,16,228.06451,9.777419,403.51614
35,17,210.41936,10.487097,424.90323
35,18,215.96774,10.151613000000001,430.0645
35,19,198.7742,10.996774,441.74194000000006
35,20,187.7742,11.716128999999999,450.67742999999996
35,21,181.32259,12.116128999999999,462.03225999999995
35,22,161.90323,13.980645,480.2258
35,23,162.09677,14.064516000000001,476.64517
35,24,146.32259,15.941935999999998,489.67742999999996
35,25,143.70967,16.174194,474.4516
35,26,162.2258,13.367742000000002,425.51614000000006
35,27,150.67741,14.348386999999999,442.0645
35,28,181.29033,11.383871000000001,400.25806
35,29,156.06451,14.093549,440.41934000000003
35,30,127.54838600000001,18.435484,499.1613
35,31,131.67741,17.719355,503.3871
35,32,114.06451399999999,20.893549,541.9355
35,33,111.0,21.619354,540.5161
35,34,110.354836,21.777420000000003,545.0323
35,35,114.12903600000001,21.564516,546.0645
35,36,105.41936000000001,22.470968,542.6774
35,37,103.16129000000001,22.951612,536.8387
35,39,102.870964,23.445162,521.29034
35,40,103.19355,23.403225,521.4516
35,41,103.451614,23.519356,520.9032
35,42,101.16129000000001,23.277420000000003,531.74194
35,43,101.0,23.235483,534.19354
35,44,100.129036,23.232257999999998,541.19354
36,0,,,
36,1,166.87097,17.109678,605.9355
36,2,168.19353999999998,16.925806,599.8387
36,3,170.83871000000002,16.564516,591.3548599999999
36,4,182.90323,15.735484,573.70966
36,5,182.29033,15.725806,576.2258
36,6,192.32259,14.958064000000002,558.70966
36,7,195.12903,14.635484,549.25806
36,8,214.67741,13.290322,516.70966
36,9,241.32259,11.7,480.8387
36,10,247.6129,11.251613,476.25805999999994
36,11,238.12902999999997,11.458064,464.80645999999996
36,12,242.80646000000002,10.819355,443.0645
36,13,245.45161000000002,10.4,423.0
36,14,236.93549,10.235484,410.7742
36,15,255.45161000000002,9.106452,384.32257000000004
36,16,211.45161000000002,11.048388000000001,435.7742
36,17,210.35484,10.883871000000001,444.0645
36,18,206.67741,10.687097,434.41934000000003
36,19,195.83871000000002,11.193548,437.3871
36,20,190.06451,11.832258,462.87097
36,21,173.93549,13.3032255,491.6129
36,22,168.35484,13.648387,477.6129
36,23,160.64516,14.5,472.6129
36,24,158.3871,14.409677499999999,454.7097
36,25,161.6129,14.016129500000002,429.6129
36,26,171.80646000000002,12.051613,390.7097
36,27,171.19353999999998,11.970967,393.5484
36,28,157.09677,13.954839000000002,433.2903
36,29,146.70967,15.641935,462.35483
36,30,130.3871,18.129032000000002,507.12903
36,31,119.03226000000001,20.093548000000002,531.4516
36,32,115.09676999999999,20.835484,537.5484
36,33,110.09676999999999,21.845160999999997,545.19354
36,34,111.54838600000001,22.003225,544.2258
36,35,109.93548600000001,22.348387,536.7742
36,36,112.03226000000001,22.041935000000002,525.3871
36,37,105.80645,22.92258,522.3548599999999
36,38,103.741936,23.43871,509.67742999999996
36,41,103.548386,23.545162,513.1613
36,42,102.83870999999999,23.206451,525.4516
36,43,101.129036,23.158064000000003,534.6774
37,0,,,
37,1,,,
37,2,170.06451,16.712904,605.0
37,3,171.09677,16.480644,602.9677
37,4,174.48387,16.164516,591.19354
37,5,186.35484,15.33871,571.74194
37,6,193.41936,14.7,555.5484
37,7,193.83871000000002,14.409677499999999,544.9677
37,8,195.6129,14.277419,543.19354
37,9,219.03226,12.712903,500.74194000000006
37,10,242.09677000000002,11.335484,469.4516
37,11,245.90322999999998,10.783871000000001,450.7742
37,12,251.12902999999997,10.029033,423.7742
37,13,263.51614,9.154838999999999,405.2258
37,14,279.6129,8.225806,368.87097
37,15,232.83871000000002,10.116128999999999,411.4516
37,16,222.19353999999998,10.625807,432.35483
37,17,196.09677,12.258064,470.90323
37,18,209.83871000000002,11.135484,443.6129
37,19,189.6129,12.658064999999999,492.19354000000004
37,20,178.25807,13.290322,501.5484
37,21,196.96774,11.932258000000001,474.19354000000004
37,22,192.6129,11.741936,438.0645
37,23,188.48387,12.219355,442.0
37,24,196.87097,10.722581,386.7742
37,25,198.03226,9.858065,355.58066
37,26,189.25807,10.548388000000001,372.03226
37,27,178.03226,11.645162,392.41934
37,28,168.93549,12.667742,416.25806
37,29,134.96774,17.374192999999998,497.96774000000005
37,30,125.09676999999999,19.180645000000002,527.6774
37,31,116.83871,20.687098000000002,537.9677
37,32,112.87096399999999,21.42258,542.8387
37,33,113.51613,21.409678,539.19354
37,34,109.58063999999999,22.319354999999998,536.5806
37,35,109.32258,22.67742,520.0
37,36,109.48387,22.774193,512.3226
37,37,105.29032,23.193548,506.51614000000006
37,38,105.3871,23.351612,492.25805999999994
37,39,104.32258,23.490322,498.2903
38,0,192.87097,14.948387,584.8387
38,1,,,
38,2,173.70967,16.403225,606.19354
38,3,176.64516,16.190323,603.1613
38,4,178.41936,15.851613,592.129
38,5,180.12903,15.693548000000002,594.0
38,6,183.54838999999998,15.348386999999999,580.9032
38,7,186.25807,15.103226000000001,569.5161
38,8,220.96774,12.774194,518.5161
38,9,219.3871,12.580646,503.2903
38,10,202.83871000000002,13.593549,521.3871
38,11,225.12902999999997,11.948387,483.0
38,12,247.09677000000002,10.212903,434.48385999999994
38,13,267.7097,8.641935,386.51614
38,14,256.32257000000004,9.106452,393.67742999999996
38,15,257.12903,9.229032499999999,404.35483
38,16,245.51612999999998,9.977419,429.2258
38,17,240.3871,9.9838705,425.80645999999996
38,18,199.25807,12.574194,492.35483
38,19,195.41936,12.683871,500.09677
38,20,218.45161000000002,11.012903,461.12903
38,21,198.32259,12.277419,478.03225999999995
38,22,220.3871,9.916129,402.48386
38,23,232.09677000000002,8.564516000000001,351.0
38,24,225.12902999999997,8.454839,338.09677
38,25,212.96774,9.377419,359.9355
38,26,195.45161000000002,10.387096000000001,378.6129
38,27,155.51613,14.203226,439.80645999999996
38,28,149.12903,15.112904,461.4516
38,29,132.32259,17.929031,508.90323
38,30,132.83871000000002,17.970968,505.64517
38,31,122.77418999999999,19.883871,519.3871
38,32,116.12903600000001,21.161291000000002,525.4839
38,33,113.22581000000001,21.719355,533.0
38,34,110.41936000000001,21.838708999999998,518.129
38,35,110.74193600000001,21.951612,509.0645
38,36,112.06451399999999,22.538710000000002,498.7742
38,37,107.67742,23.183870000000002,488.03225999999995
38,38,106.19355,23.074194,484.0
38,39,,,
39,0,211.06451,13.670967999999998,572.3871
39,1,,,
39,2,175.3871,16.23871,610.0
39,3,177.74193,16.035484,607.7742
39,4,177.48387,15.996773999999998,604.5806
39,5,179.03226,15.670967999999998,594.9032
39,6,188.12903,15.003226000000002,578.2258
39,7,201.0,14.064516000000001,557.5161
39,8,198.32259,14.219354999999998,560.3871
39,9,196.90323,14.158064999999999,551.3871
39,10,208.06451,13.148387,519.3871
39,11,256.1613,9.764516,437.12903
39,12,276.96774,8.354838,388.7742
39,13,274.7097,8.551613,401.58066
39,14,257.12903,9.32258,413.4516
39,15,252.96774,9.53871,419.03226
39,16,248.51612999999998,9.8,436.51614000000006
39,17,218.96774,11.603226,470.87097
39,18,206.67741,12.574194,494.19354000000004
39,19,230.12902999999997,10.635484,446.87097
39,20,222.19353999999998,10.870968,453.67742999999996
39,21,229.87097000000003,10.064516000000001,417.3871
39,22,223.93549,9.941936,394.5484
39,23,224.67741,10.170967999999998,399.7097
39,24,220.96774,9.638710000000001,373.7742
39,25,186.87097,11.82258,409.32257000000004
39,26,174.25807,13.012903,432.58065999999997
39,27,160.06451,14.2709675,447.9355
39,28,146.0,16.23871,472.41934000000003
39,29,135.29033,17.712904,491.41934000000003
39,30,141.67741,17.0,480.67742999999996
39,31,120.45161399999999,20.6,510.6129
39,32,115.74193600000001,21.512903,520.4194
39,33,116.3871,21.509678,519.0323
39,34,114.09676999999999,21.564516,510.0645
39,35,113.32258,21.851612,497.67742999999996
39,36,123.19355,21.603226,488.19354000000004
39,37,111.93548600000001,22.345160999999997,474.7742
39,38,108.32258,22.725807,470.51614000000006
40,0,215.7742,12.941936,523.0
40,1,195.54838999999998,14.870968,588.5161
40,2,185.0,15.774194,606.129
40,3,181.80646000000002,16.1,608.1613
40,4,180.16128999999998,16.038710000000002,604.5484
40,5,181.93549,15.951611999999999,604.9032
40,6,185.58064,15.067742,582.2258
40,7,191.70967,14.629032,574.3871
40,8,190.09677,14.767742000000002,576.3871
40,9,199.6129,13.825807000000001,553.5161
40,10,209.45161000000002,13.003226,536.9032
40,11,232.32259,11.32258,488.41934000000003
40,12,254.64516,9.67742,440.9355
40,13,252.03226,9.629032,426.87097
40,14,252.32259,9.612903999999999,430.41934000000003
40,15,242.7742,10.164516,446.3871
40,16,228.93549,10.970967,468.74194000000006
40,17,209.51613,12.335484,490.96774000000005
40,18,221.16128999999998,11.383871000000001,467.58065999999997
40,19,235.67741,10.445161,446.7742
40,20,240.03226,10.119355,436.7742
40,21,234.74192999999997,10.212903,432.25805999999994
40,22,227.87097000000003,10.367742,418.74194
40,23,223.70967000000002,10.387096000000001,403.6129
40,24,203.67741,11.319355,408.41934
40,25,204.87097,11.006452000000001,405.2903
40,26,182.80646000000002,12.561291,425.4516
40,27,162.58064,14.451611999999999,450.74194000000006
40,28,146.93549,16.064516,465.2258
40,29,158.03226,14.758064000000001,444.64517
40,30,154.7742,15.325807000000001,448.6129
40,31,127.29032,19.506453,493.8387
40,32,119.74193600000001,21.154839000000003,517.19354
40,33,117.51613,21.477419,514.9355
40,34,112.09676999999999,22.364515,496.7097
40,35,111.19355,22.780645,492.41934000000003
40,36,120.19355,20.387096,481.90323
40,37,109.83871,22.687098000000002,471.64517
41,0,209.51613,13.487097,539.0645
41,1,190.16128999999998,15.367742000000002,601.6129
41,2,186.48387,15.870968,603.6451400000001
41,3,186.45161000000002,15.861289999999999,604.5161
41,4,185.41936,15.906451,604.4839
41,5,185.58064,15.574194,597.9032
41,6,191.7742,14.612904,576.4194
41,7,194.12903,14.480645,571.0968
41,8,208.93549,13.625807,567.1613
41,9,202.96774,13.754839000000002,561.871
41,10,213.58064,12.67742,527.0323
41,11,234.09677000000002,11.270967500000001,492.7097
41,12,239.64516,10.687097,472.2258
41,13,233.29032999999998,11.074194,488.03225999999995
41,14,230.41936,11.16129,484.4516
41,15,231.64516,10.893548,472.51614000000006
41,16,222.03226,11.487097,477.19354000000004
41,17,235.29032999999998,10.5,452.0645
41,18,242.3871,10.154838999999999,448.25805999999994
41,19,240.32259,10.264516,450.03225999999995
41,20,241.7742,9.9838705,434.12903
41,21,241.51612999999998,10.003226,429.0
41,22,239.09677000000002,9.925806,408.74194
41,23,239.19353999999998,9.858065,401.19354
41,24,238.09677000000002,9.806452,393.7742
41,25,217.03226,10.629032,407.0645
41,26,177.93549,13.0161295,442.3871
41,27,184.83871000000002,12.580646,425.58065999999997
41,28,174.67741,13.287097,431.1613
41,29,152.29033,15.658064999999999,455.3871
41,30,139.32259,17.606451,487.0645
41,31,129.06451,19.170967,500.48385999999994
41,32,120.41936000000001,20.82258,511.0
41,33,115.51613,21.683870000000002,507.58065999999997
41,34,110.22581000000001,22.574194,498.67742999999996
41,35,112.25806399999999,22.254839,490.7097
41,36,110.67742,22.574194,482.51614000000006
41,37,111.77418999999999,22.538710000000002,475.90323
42,0,413.51614,6.519355,401.25806
42,1,197.19353999999998,14.758064000000001,592.70966
42,2,190.16128999999998,15.467742000000001,605.74194
42,3,190.03226,15.564516000000001,604.871
42,4,191.67741,15.387096,602.4839
42,5,195.2258,14.967742000000001,595.8387
42,6,207.0,14.058064000000002,581.6451400000001
42,7,208.90323,13.861289999999999,572.0968
42,8,210.7742,13.596774,567.5161
42,9,214.3871,12.951611999999999,545.25806
42,10,230.45161000000002,11.761291,517.25806
42,11,239.90322999999998,11.093549000000001,500.35483
42,12,224.70967000000002,11.703225999999999,515.19354
42,13,216.48387000000002,12.125807,521.1613
42,14,217.45161000000002,11.819355,495.32257000000004
42,15,233.12902999999997,10.841935000000001,476.4516
42,16,250.3871,9.970967,457.19354000000004
42,17,249.0,10.064516000000001,455.80645999999996
42,18,252.2258,9.932258000000001,454.41934000000003
42,19,247.0,10.093549000000001,455.87097
42,20,242.80646000000002,10.241936,461.3871
42,21,248.83871000000002,9.945161,449.96774000000005
42,22,254.45161000000002,9.5,417.03226
42,23,245.09677000000002,9.622581,399.90323
42,24,222.80646000000002,10.393548,410.03226
42,25,209.87097000000003,10.990322,422.48385999999994
42,26,212.58064,10.938709,431.1613
42,27,166.74193,14.074194,463.58065999999997
42,28,149.03226,16.235483,482.67742999999996
42,29,149.3871,16.187098000000002,478.03225999999995
42,30,132.03226,18.670967,500.87097
42,31,132.54838999999998,18.616129,499.41934000000003
42,32,127.77418999999999,19.17742,498.96774000000005
42,33,118.74193600000001,21.083872,504.74194000000006
42,34,112.22581000000001,22.267742000000002,497.25805999999994
42,35,112.3871,22.2,489.09677
42,36,112.3871,22.377419,485.3871
42,37,115.54838600000001,22.012903,482.0
43,0,304.4516,9.512903,474.19354000000004
43,1,198.35484,14.819354999999998,595.0968
43,2,196.54838999999998,15.129032,607.25806
43,3,194.19353999999998,15.232257999999998,610.4194
43,4,196.45161000000002,14.96129,601.4839
43,5,200.19353999999998,14.648387,600.0323
43,6,210.83871000000002,13.945160999999999,579.3548599999999
43,7,202.3871,14.4,587.3548599999999
43,8,200.03226,14.53871,588.6129
43,9,233.29032999999998,11.780645,529.3548599999999
43,10,239.2258,11.287097,513.9355
43,11,230.54838999999998,11.512903,514.3548599999999
43,12,211.87097000000003,12.703225999999999,544.70966
43,13,212.70967000000002,12.925806,550.0968
43,14,218.25807000000003,12.403226,527.7742
43,15,243.09677000000002,10.625807,483.0645
43,16,243.83871000000002,10.7,480.0
43,17,251.48387000000002,10.190323,459.90323
43,18,250.06451,10.448387,469.35483
43,19,243.0,10.596774,483.4516
43,20,247.7742,10.174192999999999,470.19354000000004
43,21,247.12902999999997,10.029033,452.09677
43,22,239.6129,10.329032000000002,439.2258
43,23,233.03226,10.396774,434.1613
43,24,215.96774,11.690323,470.74194000000006
43,25,202.09677,11.829032000000002,451.2903
43,26,177.67741,13.483870499999998,483.6129
43,27,164.25807,14.651613000000001,500.03225999999995
43,28,152.87097,16.219355,518.19354
43,29,142.32259,17.609678,520.871
43,30,138.67741,17.883871,501.8387
43,31,132.48387,18.67742,493.19354000000004
43,32,126.0,19.8,503.87097
43,33,129.74193,18.925806,478.80645999999996
43,34,128.54838999999998,19.067741,466.25805999999994
43,35,118.90323000000001,21.112904,478.32257000000004
43,36,124.12903600000001,20.680645000000002,482.19354000000004
43,37,117.09676999999999,21.754839,482.19354000000004
43,38,117.58063999999999,21.532259,484.35483
44,0,316.80646,8.977419,482.4516
44,1,294.87097,10.0161295,492.25805999999994
44,2,204.64516,14.438709,596.8387
44,3,200.12903,14.793548999999999,606.3871
44,4,199.87097,14.8,608.80646
44,5,202.7742,14.670967999999998,605.6129
44,6,204.2258,14.641935,611.0323
44,7,213.80646000000002,13.719354999999998,589.0
44,8,210.35484,13.567742,575.74194
44,9,240.67741,11.522581,530.4839
44,10,224.74192999999997,12.167742,548.6129
44,11,219.96774,12.638710000000001,556.4839
44,12,201.35484,14.345161,582.8387
44,13,208.80646000000002,13.654839,563.6129
44,14,218.48387000000002,12.970967,543.19354
44,15,231.45161000000002,11.770967500000001,509.2258
44,16,223.16128999999998,12.606452,531.5806
44,17,224.51612999999998,12.441936,536.5806
44,18,218.93549,12.390323,541.4516
44,19,227.64516,11.496774,521.25806
44,20,236.48387000000002,10.767742,489.41934000000003
44,21,227.93549,11.393548,506.4516
44,22,221.93549,11.496774,477.48385999999994
44,23,219.7742,11.445161,465.67742999999996
44,24,206.67741,11.867742,462.03225999999995
44,25,190.80646000000002,12.761291,483.64517
44,26,163.67741,15.222581,524.4194
44,27,151.29033,16.445162,530.5806
44,28,147.74193,17.051613,524.4516
44,29,143.64516,17.345160999999997,510.7742
44,30,149.90323,16.32258,475.58065999999997
44,31,148.32259,16.461289999999998,476.03225999999995
44,32,143.3871,16.925806,464.0
44,33,143.45161000000002,16.741936,453.74194000000006
44,34,127.16129,19.23871,477.25805999999994
44,35,125.19355,19.787096,484.7742
44,36,119.354836,20.951612,486.51614000000006
44,37,121.0,20.661291000000002,478.1613
44,38,122.09676999999999,18.990322,467.67742999999996
44,39,,,
45,0,673.9677,3.4483870999999997,260.0
45,1,297.7097,9.954839,496.4516
45,2,204.25807,14.367742000000002,592.9032
45,3,205.41936,14.212903,582.0645
45,4,208.67741,14.180645000000002,606.8387
45,5,206.48387,14.393548000000001,613.0968
45,6,207.51613,14.277419,610.29034
45,7,218.67741,13.445160999999999,591.74194
45,8,222.70967000000002,13.093549000000001,581.74194
45,9,221.96774,13.083871,582.25806
45,10,220.64516,13.158064999999999,574.5806
45,11,201.64516,14.5,587.871
45,12,201.48387,14.529032999999998,577.6774
45,13,194.51613,15.3,597.5806
45,14,196.32259,14.983870499999998,585.25806
45,15,200.45161000000002,14.474194,578.4516
45,16,202.70967,13.938709,574.9032
45,17,201.64516,13.525806,581.6774
45,18,197.12903,13.883871,597.0645
45,19,202.35484,13.406451,586.3226
45,20,215.54838999999998,12.396774,552.9032
45,21,221.70967000000002,11.745161,521.129
45,22,206.83871000000002,12.464516,508.09677
45,23,212.70967000000002,12.296774000000001,528.0323
45,24,178.35484,14.345161,533.9355
45,25,172.03226,14.693548000000002,529.8387
45,26,162.3871,15.248387,525.9677
45,27,152.3871,16.309677,520.129
45,28,154.12903,16.009678,507.2258
45,29,151.96774,15.929032000000001,499.41934000000003
45,30,150.12903,16.090322,482.4516
45,31,151.58064,15.790322,464.6129
45,32,151.80646000000002,15.606451999999999,450.03225999999995
45,33,144.3871,16.67742,467.25805999999994
45,34,133.87097,18.038710000000002,479.5484
45,35,136.7742,17.6,461.09677
45,36,127.3871,19.35484,468.7097
45,37,124.96773999999999,19.406451999999998,466.19354000000004
45,38,124.90323000000001,19.225807,473.35483
45,39,121.90323000000001,19.219355,494.80645999999996
45,40,117.58063999999999,21.680645000000002,516.0
46,0,370.7742,7.7225804,426.2258
46,1,391.87097,7.254839,410.03226
46,2,468.4516,5.919355,393.7742
46,3,209.87097000000003,13.954839000000002,585.9355
46,4,209.51613,14.177420000000001,613.5806
46,5,211.12902999999997,14.019355,609.3226
46,6,215.67741,13.719354999999998,603.4839
46,7,262.51614,11.029033,559.6129
46,8,212.25807000000003,13.719354999999998,619.1613
46,9,224.51612999999998,13.090322500000001,605.3226
46,10,198.48387,14.929032000000001,607.2258
46,11,197.3871,15.183871,625.5806
46,12,195.7742,15.267742000000002,614.871
46,13,190.70967,15.432258,606.5161
46,14,186.09677,15.432258,603.0645
46,15,190.80646000000002,14.793548999999999,596.4194
46,16,190.06451,14.787097,611.3548599999999
46,17,187.58064,14.8,620.6451400000001
46,18,194.45161000000002,14.148387,608.0323
46,19,206.19353999999998,13.203226,590.3226
46,20,224.12902999999997,11.82258,539.7742
46,21,203.48387,13.022581,576.6774
46,22,193.06451,13.574194,576.29034
46,23,172.54838999999998,14.935483999999999,568.9032
46,24,175.29033,14.470967000000002,541.80646
46,25,177.41936,13.774194,513.25806
46,26,174.06451,13.951611999999999,517.29034
46,27,170.83871000000002,14.090322500000001,509.25805999999994
46,28,162.58064,14.758064000000001,508.64517
46,29,149.2258,16.435484,507.64517
46,30,150.67741,16.135485,497.51614000000006
46,31,151.93549,15.929032000000001,495.09677
46,32,155.25807,15.387096,472.25805999999994
46,33,146.3871,16.277420000000003,466.67742999999996
46,34,138.0,17.419355,473.4516
46,35,143.7742,16.248386,446.67742999999996
46,36,152.67741,14.903226,418.9355
46,37,129.87097,18.441935,457.74194000000006
46,38,129.06451,18.274193,473.41934000000003
46,39,130.58064,18.525806,483.0
46,40,134.64516,18.535484,478.5484
47,0,389.4516,7.2258059999999995,386.19354
47,1,387.51614,7.258064699999999,411.7097
47,2,322.03226,9.077419,485.87097
47,3,295.19354,10.070967999999999,509.03225999999995
47,4,213.3871,13.787097,599.0645
47,5,231.51612999999998,12.903226,595.4516
47,6,230.93549,12.82258,586.0323
47,7,291.7742,9.619355,516.0645
47,8,270.67742999999996,10.416129,549.19354
47,9,218.35484,13.367742000000002,615.0323
47,10,214.54838999999998,13.787097,640.1613
47,11,200.87097,14.987097,646.5161
47,12,196.41936,14.906451,634.6129
47,13,197.09677,14.493548,664.6774
47,14,192.6129,14.554839000000001,660.9677
47,15,190.0,14.658064999999999,644.9355
47,16,186.06451,14.822579999999999,632.3871
47,17,189.12903,14.622581,633.74194
47,18,188.48387,14.580646,638.9677
47,19,194.35484,13.948387,621.25806
47,20,191.67741,13.996773999999998,624.3871
47,21,190.51613,13.922581,612.5161
47,22,185.6129,14.074194,613.3548599999999
47,23,186.48387,13.909677499999999,609.5161
47,24,179.64516,14.096774,556.0
47,25,175.19353999999998,14.112904,536.0323
47,26,175.3871,13.774194,527.4194
47,27,169.25807,14.177420000000001,522.70966
47,28,171.29033,13.954839000000002,521.0645
47,29,166.64516,14.238709,513.0968
47,30,162.93549,14.535484,493.0645
47,31,153.19353999999998,15.735484,482.6129
47,32,163.29033,14.2,448.90323
47,33,159.29033,14.53871,448.12903
47,34,150.7742,15.367742000000002,441.67742999999996
47,35,149.09677,15.2,424.19354000000004
47,36,149.45161000000002,15.225806,416.25806
47,37,133.19353999999998,17.880646,455.6129
47,38,146.64516,15.903226,429.19354000000004
47,39,172.93549,14.33871,414.58066
47,40,144.83871000000002,18.2,488.0
47,41,,,
48,0,554.80646,4.6709676,314.0
48,1,507.64517,5.264516400000001,339.51614
48,2,436.58065999999997,6.4129033,397.5484
48,3,276.87097,10.83871,522.3871
48,4,218.19353999999998,13.429032000000001,593.129
48,5,240.06451,12.270967500000001,575.8387
48,6,247.03226,11.619355,555.80646
48,7,235.12902999999997,12.058064,564.871
48,8,306.74194,9.009678,524.871
48,9,266.32257000000004,10.625807,601.6451400000001
48,10,205.3871,14.409677499999999,652.9032
48,11,205.96774,14.170967999999998,661.1613
48,12,201.83871000000002,14.341935000000001,668.8710000000001
48,13,198.54838999999998,14.048388000000001,691.4516
48,14,194.32259,14.309676999999999,685.6451400000001
48,15,188.93549,14.638710000000001,677.9032
48,16,192.16128999999998,14.474194,694.0
48,17,187.6129,14.693548000000002,684.5806
48,18,184.58064,14.796774,668.80646
48,19,184.58064,14.683871,673.5484
48,20,184.29033,14.509678,666.9032
48,21,185.16128999999998,14.316129,661.1613
48,22,188.03226,13.854838,637.5806
48,23,185.3871,13.825807000000001,619.0968
48,24,182.7742,13.7709675,562.6451400000001
48,25,180.12903,13.583870999999998,542.19354
48,26,188.19353999999998,12.890323,539.19354
48,27,186.51613,12.793549,523.5484
48,28,181.80646000000002,12.690323,508.8387
48,29,177.06451,13.222581,497.7097
48,30,158.35484,15.083870999999998,492.64517
48,31,158.32259,15.029032999999998,493.7742
48,32,162.64516,14.283871,463.7742
48,33,165.0,13.593549,426.51614000000006
48,34,154.83871000000002,14.458064000000002,416.1613
48,35,181.3871,11.732258,381.0
48,36,172.03226,12.46129,382.7097
48,37,163.83871000000002,13.541935999999998,396.32257000000004
48,38,143.58064,16.803226000000002,449.32257000000004
48,39,141.6129,18.409678,485.74194000000006
48,40,127.29032,20.032259,505.2258
48,41,119.87096399999999,21.612904,525.74194
48,42,,,
49,0,386.7097,7.3032259999999996,401.6129
49,1,481.4516,5.5741935,362.6129
49,2,349.7742,8.293549,450.58065999999997
49,3,302.87097,9.683871,494.03225999999995
49,4,226.96774,12.993547999999999,580.129
49,5,229.58064,12.670967999999998,573.74194
49,6,273.41934,10.329032000000002,528.19354
49,7,300.0645,9.106452,502.3871
49,8,310.67742999999996,8.512903,480.6129
49,9,258.25806,10.738709,566.0968
49,10,225.03226,12.329032000000002,646.3871
49,11,207.09677,13.396773999999999,671.0323
49,12,211.64516,12.929032000000001,685.0323
49,13,210.64516,12.664516,672.3871
49,14,200.16128999999998,13.674192999999999,701.0645
49,15,194.58064,14.158064999999999,707.8387
49,16,189.93549,14.503226000000002,701.80646
49,17,183.83871000000002,14.816129,700.4839
49,18,183.25807,14.861289999999999,705.9355
49,19,183.2258,14.825807000000001,698.0
49,20,184.35484,14.545160999999998,683.9355
49,21,186.58064,14.112904,664.7742
49,22,188.51613,13.6967745,649.74194
49,23,188.58064,13.567742,650.4194
49,24,189.83871000000002,13.241935999999999,616.6451400000001
49,25,189.3871,13.251613,579.74194
49,26,194.48387,12.364516,533.70966
49,27,192.41936,12.070967999999999,509.9355
49,28,194.48387,11.8032255,502.90323
49,29,194.19353999999998,11.741936,495.90323
49,30,171.96774,13.690323000000001,503.8387
49,31,164.32259,14.364516,494.35483
49,32,163.16128999999998,14.235484,457.32257000000004
49,33,170.96774,13.209678,440.6129
49,34,194.48387,10.577419,379.35483
49,35,185.19353999999998,11.309677,377.19354
49,36,166.25807,13.148387,399.03226
49,37,149.19353999999998,15.651613000000001,428.67742999999996
49,38,158.2258,14.9,443.35483
49,39,134.19353999999998,18.661291000000002,493.1613
49,40,124.67742,20.664516,515.3226
49,41,122.19355,21.512903,523.8387
49,42,122.3871,21.5,522.5806
49,43,,,
